-- Epsilon Corp Eval — character with a corporation-owned ship (founder of own corp)
-- Seeds 5 variations (Eval0..Eval4), each with its own corp and own corp ship
-- Usage: psql $LOCAL_API_POSTGRES_URL -f seeds/epsilon_corp.sql

BEGIN;

-- Teardown all 5 variations + their corps
DELETE FROM events WHERE character_id IN (
  'e0000000-0000-4000-8000-000000000005',
  'e0000000-1000-4000-8000-000000000005',
  'e0000000-2000-4000-8000-000000000005',
  'e0000000-3000-4000-8000-000000000005',
  'e0000000-4000-4000-8000-000000000005'
);
DELETE FROM events WHERE ship_id IN (
  SELECT ship_id FROM ship_instances WHERE owner_character_id IN (
    'e0000000-0000-4000-8000-000000000005',
    'e0000000-1000-4000-8000-000000000005',
    'e0000000-2000-4000-8000-000000000005',
    'e0000000-3000-4000-8000-000000000005',
    'e0000000-4000-4000-8000-000000000005'
  )
);
DELETE FROM events WHERE ship_id IN (
  SELECT ship_id FROM ship_instances WHERE owner_corporation_id IN (
    'e0000000-0000-4000-8000-c00b00000001',
    'e0000000-1000-4000-8000-c00b00000001',
    'e0000000-2000-4000-8000-c00b00000001',
    'e0000000-3000-4000-8000-c00b00000001',
    'e0000000-4000-4000-8000-c00b00000001'
  )
);
DELETE FROM corporation_ships WHERE corp_id IN (
  'e0000000-0000-4000-8000-c00b00000001',
  'e0000000-1000-4000-8000-c00b00000001',
  'e0000000-2000-4000-8000-c00b00000001',
  'e0000000-3000-4000-8000-c00b00000001',
  'e0000000-4000-4000-8000-c00b00000001'
);
DELETE FROM corporation_members WHERE corp_id IN (
  'e0000000-0000-4000-8000-c00b00000001',
  'e0000000-1000-4000-8000-c00b00000001',
  'e0000000-2000-4000-8000-c00b00000001',
  'e0000000-3000-4000-8000-c00b00000001',
  'e0000000-4000-4000-8000-c00b00000001'
);
DELETE FROM user_characters
WHERE user_id = '352373e1-aa29-49c7-b929-2cba86ca4a3c'
  AND character_id IN (
    'e0000000-0000-4000-8000-000000000005',
    'e0000000-1000-4000-8000-000000000005',
    'e0000000-2000-4000-8000-000000000005',
    'e0000000-3000-4000-8000-000000000005',
    'e0000000-4000-4000-8000-000000000005'
  );
UPDATE characters SET current_ship_id = NULL WHERE character_id IN (
  'e0000000-0000-4000-8000-000000000005',
  'e0000000-1000-4000-8000-000000000005',
  'e0000000-2000-4000-8000-000000000005',
  'e0000000-3000-4000-8000-000000000005',
  'e0000000-4000-4000-8000-000000000005'
);
DELETE FROM ship_instances WHERE owner_character_id IN (
  'e0000000-0000-4000-8000-000000000005',
  'e0000000-1000-4000-8000-000000000005',
  'e0000000-2000-4000-8000-000000000005',
  'e0000000-3000-4000-8000-000000000005',
  'e0000000-4000-4000-8000-000000000005'
);
DELETE FROM ship_instances WHERE owner_corporation_id IN (
  'e0000000-0000-4000-8000-c00b00000001',
  'e0000000-1000-4000-8000-c00b00000001',
  'e0000000-2000-4000-8000-c00b00000001',
  'e0000000-3000-4000-8000-c00b00000001',
  'e0000000-4000-4000-8000-c00b00000001'
);
UPDATE characters SET corporation_id = NULL WHERE character_id IN (
  'e0000000-0000-4000-8000-000000000005',
  'e0000000-1000-4000-8000-000000000005',
  'e0000000-2000-4000-8000-000000000005',
  'e0000000-3000-4000-8000-000000000005',
  'e0000000-4000-4000-8000-000000000005'
);
DELETE FROM characters WHERE character_id IN (
  'e0000000-0000-4000-8000-000000000005',
  'e0000000-1000-4000-8000-000000000005',
  'e0000000-2000-4000-8000-000000000005',
  'e0000000-3000-4000-8000-000000000005',
  'e0000000-4000-4000-8000-000000000005'
);
DELETE FROM corporations WHERE corp_id IN (
  'e0000000-0000-4000-8000-c00b00000001',
  'e0000000-1000-4000-8000-c00b00000001',
  'e0000000-2000-4000-8000-c00b00000001',
  'e0000000-3000-4000-8000-c00b00000001',
  'e0000000-4000-4000-8000-c00b00000001'
);

-- Characters first (founders must exist before corporations)
INSERT INTO characters (character_id, name, credits_in_megabank, map_knowledge) VALUES
  ('e0000000-0000-4000-8000-000000000005', 'Epsilon Corp Eval0', 8000, '{"total_sectors_visited": 1, "sectors_visited": {"0": {"adjacent_sectors": [15], "last_visited": "2026-04-10T00:00:00Z", "position": [15, 31]}}}'),
  ('e0000000-1000-4000-8000-000000000005', 'Epsilon Corp Eval1', 8000, '{"total_sectors_visited": 1, "sectors_visited": {"0": {"adjacent_sectors": [15], "last_visited": "2026-04-10T00:00:00Z", "position": [15, 31]}}}'),
  ('e0000000-2000-4000-8000-000000000005', 'Epsilon Corp Eval2', 8000, '{"total_sectors_visited": 1, "sectors_visited": {"0": {"adjacent_sectors": [15], "last_visited": "2026-04-10T00:00:00Z", "position": [15, 31]}}}'),
  ('e0000000-3000-4000-8000-000000000005', 'Epsilon Corp Eval3', 8000, '{"total_sectors_visited": 1, "sectors_visited": {"0": {"adjacent_sectors": [15], "last_visited": "2026-04-10T00:00:00Z", "position": [15, 31]}}}'),
  ('e0000000-4000-4000-8000-000000000005', 'Epsilon Corp Eval4', 8000, '{"total_sectors_visited": 1, "sectors_visited": {"0": {"adjacent_sectors": [15], "last_visited": "2026-04-10T00:00:00Z", "position": [15, 31]}}}');

-- Each Epsilon founds its own Eval Corp
INSERT INTO corporations (corp_id, name, founder_id, invite_code) VALUES
  ('e0000000-0000-4000-8000-c00b00000001', 'Eval Corp 0', 'e0000000-0000-4000-8000-000000000005', 'EVALCORP0'),
  ('e0000000-1000-4000-8000-c00b00000001', 'Eval Corp 1', 'e0000000-1000-4000-8000-000000000005', 'EVALCORP1'),
  ('e0000000-2000-4000-8000-c00b00000001', 'Eval Corp 2', 'e0000000-2000-4000-8000-000000000005', 'EVALCORP2'),
  ('e0000000-3000-4000-8000-c00b00000001', 'Eval Corp 3', 'e0000000-3000-4000-8000-000000000005', 'EVALCORP3'),
  ('e0000000-4000-4000-8000-c00b00000001', 'Eval Corp 4', 'e0000000-4000-4000-8000-000000000005', 'EVALCORP4');

-- Set corporation_id on each Epsilon
UPDATE characters SET corporation_id = 'e0000000-0000-4000-8000-c00b00000001' WHERE character_id = 'e0000000-0000-4000-8000-000000000005';
UPDATE characters SET corporation_id = 'e0000000-1000-4000-8000-c00b00000001' WHERE character_id = 'e0000000-1000-4000-8000-000000000005';
UPDATE characters SET corporation_id = 'e0000000-2000-4000-8000-c00b00000001' WHERE character_id = 'e0000000-2000-4000-8000-000000000005';
UPDATE characters SET corporation_id = 'e0000000-3000-4000-8000-c00b00000001' WHERE character_id = 'e0000000-3000-4000-8000-000000000005';
UPDATE characters SET corporation_id = 'e0000000-4000-4000-8000-c00b00000001' WHERE character_id = 'e0000000-4000-4000-8000-000000000005';

-- Corporation memberships (founder is a member)
INSERT INTO corporation_members (corp_id, character_id) VALUES
  ('e0000000-0000-4000-8000-c00b00000001', 'e0000000-0000-4000-8000-000000000005'),
  ('e0000000-1000-4000-8000-c00b00000001', 'e0000000-1000-4000-8000-000000000005'),
  ('e0000000-2000-4000-8000-c00b00000001', 'e0000000-2000-4000-8000-000000000005'),
  ('e0000000-3000-4000-8000-c00b00000001', 'e0000000-3000-4000-8000-000000000005'),
  ('e0000000-4000-4000-8000-c00b00000001', 'e0000000-4000-4000-8000-000000000005');

-- Personal ships (sparrow_scout)
INSERT INTO ship_instances (
  ship_id, owner_id, owner_type, owner_character_id,
  ship_type, current_sector, credits,
  current_warp_power, current_shields, current_fighters
) VALUES
  ('e0000000-0000-4000-8000-e00000000001', 'e0000000-0000-4000-8000-000000000005', 'character', 'e0000000-0000-4000-8000-000000000005', 'sparrow_scout', 0, 3000, 450, 120, 200),
  ('e0000000-1000-4000-8000-e00000000001', 'e0000000-1000-4000-8000-000000000005', 'character', 'e0000000-1000-4000-8000-000000000005', 'sparrow_scout', 0, 3000, 450, 120, 200),
  ('e0000000-2000-4000-8000-e00000000001', 'e0000000-2000-4000-8000-000000000005', 'character', 'e0000000-2000-4000-8000-000000000005', 'sparrow_scout', 0, 3000, 450, 120, 200),
  ('e0000000-3000-4000-8000-e00000000001', 'e0000000-3000-4000-8000-000000000005', 'character', 'e0000000-3000-4000-8000-000000000005', 'sparrow_scout', 0, 3000, 450, 120, 200),
  ('e0000000-4000-4000-8000-e00000000001', 'e0000000-4000-4000-8000-000000000005', 'character', 'e0000000-4000-4000-8000-000000000005', 'sparrow_scout', 0, 3000, 450, 120, 200);

-- Corporation-owned ships (pike_frigate)
INSERT INTO ship_instances (
  ship_id, owner_id, owner_type, owner_corporation_id,
  ship_type, current_sector, credits,
  current_warp_power, current_shields, current_fighters
) VALUES
  ('e0000000-0000-4000-8000-e00000000002', 'e0000000-0000-4000-8000-c00b00000001', 'corporation', 'e0000000-0000-4000-8000-c00b00000001', 'pike_frigate', 0, 20000, 900, 600, 2000),
  ('e0000000-1000-4000-8000-e00000000002', 'e0000000-1000-4000-8000-c00b00000001', 'corporation', 'e0000000-1000-4000-8000-c00b00000001', 'pike_frigate', 0, 20000, 900, 600, 2000),
  ('e0000000-2000-4000-8000-e00000000002', 'e0000000-2000-4000-8000-c00b00000001', 'corporation', 'e0000000-2000-4000-8000-c00b00000001', 'pike_frigate', 0, 20000, 900, 600, 2000),
  ('e0000000-3000-4000-8000-e00000000002', 'e0000000-3000-4000-8000-c00b00000001', 'corporation', 'e0000000-3000-4000-8000-c00b00000001', 'pike_frigate', 0, 20000, 900, 600, 2000),
  ('e0000000-4000-4000-8000-e00000000002', 'e0000000-4000-4000-8000-c00b00000001', 'corporation', 'e0000000-4000-4000-8000-c00b00000001', 'pike_frigate', 0, 20000, 900, 600, 2000);

-- Register corp ships
INSERT INTO corporation_ships (corp_id, ship_id, added_by) VALUES
  ('e0000000-0000-4000-8000-c00b00000001', 'e0000000-0000-4000-8000-e00000000002', 'e0000000-0000-4000-8000-000000000005'),
  ('e0000000-1000-4000-8000-c00b00000001', 'e0000000-1000-4000-8000-e00000000002', 'e0000000-1000-4000-8000-000000000005'),
  ('e0000000-2000-4000-8000-c00b00000001', 'e0000000-2000-4000-8000-e00000000002', 'e0000000-2000-4000-8000-000000000005'),
  ('e0000000-3000-4000-8000-c00b00000001', 'e0000000-3000-4000-8000-e00000000002', 'e0000000-3000-4000-8000-000000000005'),
  ('e0000000-4000-4000-8000-c00b00000001', 'e0000000-4000-4000-8000-e00000000002', 'e0000000-4000-4000-8000-000000000005');

-- Set active personal ship
UPDATE characters SET current_ship_id = 'e0000000-0000-4000-8000-e00000000001' WHERE character_id = 'e0000000-0000-4000-8000-000000000005';
UPDATE characters SET current_ship_id = 'e0000000-1000-4000-8000-e00000000001' WHERE character_id = 'e0000000-1000-4000-8000-000000000005';
UPDATE characters SET current_ship_id = 'e0000000-2000-4000-8000-e00000000001' WHERE character_id = 'e0000000-2000-4000-8000-000000000005';
UPDATE characters SET current_ship_id = 'e0000000-3000-4000-8000-e00000000001' WHERE character_id = 'e0000000-3000-4000-8000-000000000005';
UPDATE characters SET current_ship_id = 'e0000000-4000-4000-8000-e00000000001' WHERE character_id = 'e0000000-4000-4000-8000-000000000005';

INSERT INTO user_characters (user_id, character_id) VALUES
  ('352373e1-aa29-49c7-b929-2cba86ca4a3c', 'e0000000-0000-4000-8000-000000000005'),
  ('352373e1-aa29-49c7-b929-2cba86ca4a3c', 'e0000000-1000-4000-8000-000000000005'),
  ('352373e1-aa29-49c7-b929-2cba86ca4a3c', 'e0000000-2000-4000-8000-000000000005'),
  ('352373e1-aa29-49c7-b929-2cba86ca4a3c', 'e0000000-3000-4000-8000-000000000005'),
  ('352373e1-aa29-49c7-b929-2cba86ca4a3c', 'e0000000-4000-4000-8000-000000000005');

COMMIT;
